{
  "id": "spongebehindyou",
  "name": "Sponge Behind You",
  "description": "Replaces Something in the mirror with a humorous SpongeBob image.",
  "version": "1.0.0",
  "manifestVersion": 1,
  "_flags": [
    "do_olid"
  ],
  "image_deltas": [
    {
      "patch": "img/pictures/fa_mirror_1.png",
      "with": "olid/9aa8697b3c817c2cb5049049b44fd922e0ad9bf40ae55e12e8761c7200b49725.olid",
      "dir": false
    },
    {
      "patch": "img/pictures/fa_mirror_2.png",
      "with": "olid/368950b50fa4d67ac17dd7068c4716097ee4e7a85b3253d471b05e3ece75fe6d.olid",
      "dir": false
    }
  ],
  "files": {
    "plugins": [],
    "assets": [],
    "files": [],
    "maps": [],
    "text": [],
    "data": []
  },
  "$schema": "https://rph.space/oneloader.manifestv1.schema.json"
}