{
  "id": "spongebehindyoueverytime",
  "name": "Sponge Behind You (Every Time)",
  "description": "Puts a humorous image of SpongeBob in the mirror.",
  "version": "1.0.0",
  "manifestVersion": 1,
  "_flags": [
    "do_olid"
  ],
  "image_deltas": [
    {
      "patch": "img/pictures/fa_mirror_1.png",
      "with": "olid/00138dde41dc3065724ea1425910afc498bcfc5f803759168f604d3bc5a5e0c8.olid",
      "dir": false
    },
    {
      "patch": "img/pictures/fa_mirror_2.png",
      "with": "olid/63312a20c4e37c64ae50430036bb916cdc46ce34ee69883070e48760960e0c56.olid",
      "dir": false
    }
  ],
  "files": {
    "plugins": [],
    "assets": [],
    "files": [],
    "maps": [],
    "text": [],
    "data": []
  },
  "$schema": "https://rph.space/oneloader.manifestv1.schema.json"
}