{
  "id": "FIGHTBERLY",
  "name": "Fight Berly",
  "description": "Do you hate Berly? Well then this mod is the mod for you!",
  "version": "1.1.1",
  "manifestVersion": 1,
  "_flags": [
    "do_olid"
  ],
  "image_deltas": [],
  "files": {
    "plugins": [],
    "assets": [
      "img/enemies/!battle_berly.png",
      "img/enemies/!battle_berly_lastresort.png",
      "img/sv_actors/!battle_berly.png",
      "img/sv_actors/!battle_berly_lastresort.png"
    ],
    "files": [],
    "maps": [],
    "text": [
      "languages/XX_FIGHTBERLY.yml",
      "languages/XX_FIGHTBERLYCASINO.yml"
    ],
    "data": [
      "data/Enemies.jsond",
      "data/Map092.jsond",
      "data/Map192.jsond",
      "data/Skills.jsond",
      "data/System.jsond",
      "data/Troops.jsond"
    ]
  },
  "$schema": "https://rph.space/oneloader.manifestv1.schema.json"
}