{
  "id": "PeepTheHorror",
  "name": "Peep The Horror",
  "description": "Allows OMORI to let chat Peep the Horror",
  "version": "1.0.0",
  "manifestVersion": 1,
  "_flags": [
    "do_olid"
  ],
  "image_deltas": [],
  "files": {
    "plugins": [],
    "assets": [
      "img/animations/Peep_The_Horror.png",
      "img/animations/omori_sus.png"
    ],
    "files": [],
    "maps": [],
    "text": [],
    "data": [
      "data/Animations.json",
      "data/Classes.json",
      "data/CommonEvents.json",
      "data/Skills.json"
    ]
  },
  "$schema": "https://rph.space/oneloader.manifestv1.schema.json"
}