{
  "id": "UnbreadToastYourself",
  "name": "Toast Yourself",
  "description": "Replaces the Unbread Twins fight with a re-creation of the infamous Low Tier God image",
  "version": "1.0.0",
  "manifestVersion": 1,
  "_flags": [
    "do_olid"
  ],
  "image_deltas": [
    {
      "patch": "img/battlebacks1/battlebacks_dd_biscuit_doughie.png",
      "with": "olid/876cb2ffe6e7dc295182145e85a471bed91fa5ad41a1aceded22565bc6b1cec6.olid",
      "dir": false
    },
    {
      "patch": "img/enemies/!battle_biscuit_doughie.png",
      "with": "olid/7b58f4a6488ba4157cd8627cbb696488eafa9f26b046a61c22af5f35fe07460a.olid",
      "dir": false
    },
    {
      "patch": "img/sv_actors/!battle_biscuit_doughie.png",
      "with": "olid/e6ea0ef621e30b928572e7908b93eddef7505c6670d2e45e277c4d37d0c60965.olid",
      "dir": false
    }
  ],
  "files": {
    "plugins": [],
    "assets": [
      "audio/bgm/boss_biscuit_doughie.ogg",
      "audio/bgm/boss_unbread_toast.ogg",
      "audio/se/BA_thunder.ogg",
      "img/battlebacks1/battleback_dw_toast.png",
      "img/pictures/flash_overlay.png",
      "img/pictures/flash_overlay2.png",
      "img/pictures/lightning_overlay.png"
    ],
    "files": [],
    "maps": [],
    "text": [
      "languages/XX_toast.yaml"
    ],
    "data": [
      "data/Enemies.jsond",
      "data/System.jsond",
      "data/Troops.jsond"
    ]
  },
  "$schema": "https://rph.space/oneloader.manifestv1.schema.json"
}