{
  "id": "colorspace3",
  "name": "Color Space",
  "description": "Turns Whitespace into a more colorful and less empty place.",
  "version": "1.0.0",
  "manifestVersion": 1,
  "_flags": [
    "do_olid"
  ],
  "image_deltas": [
    {
      "patch": "img/battlebacks1/battleback_omori.png",
      "with": "olid/a0fe577543d4387564de4c52936c8ef04ca7ffd8161987c3ad0bde950c50f0c1.olid",
      "dir": false
    },
    {
      "patch": "img/characters/!OBJ_DW_DOORS.png",
      "with": "olid/91e12569f897d8eb9472a44a1259bedc4c3da8253b2fd048046ae21dc17a74e0.olid",
      "dir": false
    },
    {
      "patch": "img/characters/$door.png",
      "with": "olid/c772fbd8a8b79da77aa22531744c771edffce40f5c30bbb9f6da5cbf214a8fb2.olid",
      "dir": false
    },
    {
      "patch": "img/characters/DW_OBJECTS_WSNB.png",
      "with": "olid/4b01de523ae263b5c08964e3b9800ae7615137fd1615be5e152f219f23d72eb6.olid",
      "dir": false
    },
    {
      "patch": "img/pictures/lightbulbs.png",
      "with": "olid/40a64b185b9ef88a0f5761e6a757eb5da5b1c1c30179d5c9f8be2ab3c0b66e5b.olid",
      "dir": false
    },
    {
      "patch": "img/pictures/white_screen.png",
      "with": "olid/bc940809ff29ddfedc1247f842a8fc87ac80f22b931a880d41dc3c306692e385.olid",
      "dir": false
    },
    {
      "patch": "img/pictures/whitespace_intro.png",
      "with": "olid/3de111746eeb26cf7b8ed068c3b21a5180e0f4b44bc016c2520fec853da9c525.olid",
      "dir": false
    },
    {
      "patch": "img/pictures/ws_door.png",
      "with": "olid/d6d561ecf25d981d2cbc93cc3b961c2992a6bf8171e78326a90092e8143ebb18.olid",
      "dir": false
    },
    {
      "patch": "img/system/Loading_2.png",
      "with": "olid/5990e7bfe24dfbe3fdeb9323a658d49ff6216d02281dcdd67bc7a2949eadd8f0.olid",
      "dir": false
    },
    {
      "patch": "img/system/splashBg.png",
      "with": "olid/216ffe2ed46f99b13589c325699d4d5bc8dd28baa95c3b7e92ece2da5445c786.olid",
      "dir": false
    },
    {
      "patch": "img/system/splashGalv.png",
      "with": "olid/20dc8671494de311c079032d9cbc9c55f52c68150957a00bbedeaa92293930ee.olid",
      "dir": false
    },
    {
      "patch": "img/tilesets/whitespace.png",
      "with": "olid/e8796d9dddbf715e43f8e7c165742984cc46dc765b7d7ad5ee331af52d61c2ea.olid",
      "dir": false
    }
  ],
  "files": {
    "plugins": ["js/plugins/"
    ],
    "assets": [
      "img/parallaxes/!parallax_white_space.png"
    ],
    "files": [],
    "maps": [
      "maps/TerrainTiles.jsond",
      "maps/map87.jsond"
    ],
    "text": [
      "languages/01_map_whitespace.yamld",
      "languages/XX_lesswhitespace.yaml"
    ],
    "data": [
      "data/Map087.jsond",
      "data/MapInfos.jsond"
    ]
  },
  "$schema": "https://rph.space/oneloader.manifestv1.schema.json"
}